task_id	group	config	seed
standalone_m2_e3_s1	factorial	base.yaml	1
standalone_m2_e3_s2	factorial	base.yaml	2
standalone_m2_e4_s0	factorial	standalone_m2_e4.yaml	0
standalone_m2_e4_s1	factorial	standalone_m2_e4.yaml	1
standalone_m2_e4_s2	factorial	standalone_m2_e4.yaml	2
standalone_m8_e3_s1	factorial	standalone_m8_e3.yaml	1
standalone_m8_e3_s2	factorial	standalone_m8_e3.yaml	2
standalone_m8_e4_s0	factorial	standalone_m8_e4.yaml	0
standalone_m8_e4_s1	factorial	standalone_m8_e4.yaml	1
standalone_m8_e4_s2	factorial	standalone_m8_e4.yaml	2
cf_reward_m2_e3_s0	counterfactual	cf_reward_m2_e3.yaml	0
cf_reward_m2_e3_s1	counterfactual	cf_reward_m2_e3.yaml	1
cf_reward_m2_e3_s2	counterfactual	cf_reward_m2_e3.yaml	2
cf_reward_m2_e4_s0	counterfactual	cf_reward_m2_e4.yaml	0
cf_reward_m2_e4_s1	counterfactual	cf_reward_m2_e4.yaml	1
cf_reward_m2_e4_s2	counterfactual	cf_reward_m2_e4.yaml	2
window_20_s0	window	window_20.yaml	0
window_30_s0	window	window_30.yaml	0
window_40_s0	window	window_40.yaml	0
window_60_s0	window	window_60.yaml	0
margin_085_s0	margin	margin_085.yaml	0
margin_080_s0	margin	margin_080.yaml	0
